{"frames":
  {"sprite1":{"frame":{"x":0,"y":2,"w":40,"h":38},"rotated":false,"trimmed":false,"spriteSourceSize":{"x":0,"y":0,"w":40,"h":38},"sourceSize":{"w":40,"h":38}},
  "sprite2":{"frame":{"x":70,"y":2,"w":40,"h":38},"rotated":false,"trimmed":false,"spriteSourceSize":{"x":0,"y":0,"w":40,"h":38},"sourceSize":{"w":40,"h":38}},
  "sprite3":{"frame":{"x":140,"y":2,"w":40,"h":38},"rotated":false,"trimmed":false,"spriteSourceSize":{"x":0,"y":0,"w":40,"h":38},"sourceSize":{"w":40,"h":38}},
  "sprite4":{"frame":{"x":210,"y":2,"w":40,"h":38},"rotated":false,"trimmed":false,"spriteSourceSize":{"x":0,"y":0,"w":40,"h":38},"sourceSize":{"w":40,"h":38}},

  "sprite5":{"frame":{"x":0,"y":42,"w":40,"h":38},"rotated":false,"trimmed":false,"spriteSourceSize":{"x":0,"y":0,"w":40,"h":38},"sourceSize":{"w":40,"h":38}},

  "sprite6":{"frame":{"x":0,"y":82,"w":40,"h":38},"rotated":false,"trimmed":false,"spriteSourceSize":{"x":0,"y":0,"w":40,"h":38},"sourceSize":{"w":40,"h":38}},
  "sprite7":{"frame":{"x":70,"y":82,"w":40,"h":38},"rotated":false,"trimmed":false,"spriteSourceSize":{"x":0,"y":0,"w":40,"h":38},"sourceSize":{"w":40,"h":38}},
  "sprite8":{"frame":{"x":140,"y":82,"w":40,"h":38},"rotated":false,"trimmed":false,"spriteSourceSize":{"x":0,"y":0,"w":40,"h":38},"sourceSize":{"w":40,"h":38}},

  "sprite9":{"frame":{"x":0,"y":122,"w":42,"h":38},"rotated":false,"trimmed":false,"spriteSourceSize":{"x":0,"y":0,"w":40,"h":38},"sourceSize":{"w":40,"h":38}},
  "sprite10":{"frame":{"x":70,"y":122,"w":42,"h":38},"rotated":false,"trimmed":false,"spriteSourceSize":{"x":0,"y":0,"w":42,"h":38},"sourceSize":{"w":42,"h":38}},
  "sprite11":{"frame":{"x":140,"y":122,"w":42,"h":38},"rotated":false,"trimmed":false,"spriteSourceSize":{"x":0,"y":0,"w":42,"h":38},"sourceSize":{"w":42,"h":38}},
  "sprite12":{"frame":{"x":210,"y":122,"w":42,"h":38},"rotated":false,"trimmed":false,"spriteSourceSize":{"x":0,"y":0,"w":42,"h":38},"sourceSize":{"w":42,"h":38}},
  "sprite13":{"frame":{"x":280,"y":122,"w":42,"h":38},"rotated":false,"trimmed":false,"spriteSourceSize":{"x":0,"y":0,"w":42,"h":38},"sourceSize":{"w":42,"h":38}},

  "sprite14":{"frame":{"x":0,"y":162,"w":70,"h":38},"rotated":false,"trimmed":false,"spriteSourceSize":{"x":0,"y":0,"w":70,"h":38},"sourceSize":{"w":70,"h":38}},
  "sprite15":{"frame":{"x":84,"y":162,"w":38,"h":38},"rotated":false,"trimmed":false,"spriteSourceSize":{"x":0,"y":0,"w":38,"h":38},"sourceSize":{"w":38,"h":38}},
  "sprite16":{"frame":{"x":140,"y":162,"w":42,"h":36},"rotated":false,"trimmed":false,"spriteSourceSize":{"x":0,"y":0,"w":42,"h":38},"sourceSize":{"w":42,"h":38}}},
  "sprite17":{"frame":{"x":210,"y":162,"w":40,"h":38},"rotated":false,"trimmed":false,"spriteSourceSize":{"x":0,"y":0,"w":40,"h":38},"sourceSize":{"w":40,"h":38}},

  "meta":{"app":"https://www.leshylabs.com/apps/sstool/","version":"Leshy SpriteSheet Tool v0.8.4","image":"spritesheet.png","size":{"w":350,"h":200},"scale":1}}
